weight,height,position,clean_breaks,conversion_goals,defenders_beaten,drop_goals_converted,kick_percent_success,kicks,kicks_from_hand,lineouts_won,lineout_won_steal,mauls_won,meters_run,missed_tackles,offload,passes,penalties_conceded,penalty_goals,points,red_cards,rucks_won,runs,tackles,total_free_kicks_conceded,total_lineouts,tries,try_assists,turnover_knock_on,turnovers_conceded,yellow_cards,defensive_impact,attacking_threat,discipline,playmaking,label,archetype
6106.0,12638.0,5,43.0,180.0,162.0,3.0,49.24999999999999,449.0,449.0,17.0,0.0,1.0,3372.0,68.0,58.0,860.0,19.0,123.0,833.0,1.0,241.0,571.0,199.0,0.0,17.0,19.0,27.0,33.0,97.0,0.0,440,561,-24,198,"Elite Defender, Dangerous Attacker, Creative Playmaker, Disciplinary Issues",0
1780.0,3800.0,3,4.0,0.0,15.0,0.0,0.0,1.0,1.0,0.0,3.0,30.0,150.0,19.0,10.0,75.0,3.0,0.0,20.0,0.0,46.0,68.0,135.0,0.0,0.0,4.0,0.0,6.0,13.0,1.0,184,38,-5,17,"Elite Defender, Dangerous Attacker, Creative Playmaker",3
2028.0,4706.0,5,30.0,0.0,84.0,0.0,0.0,52.0,52.0,3.0,0.0,0.0,1796.0,28.0,14.0,90.0,10.0,0.0,50.0,0.0,163.0,245.0,150.0,0.0,3.0,10.0,3.0,23.0,37.0,0.0,313,303,-10,29,"Elite Defender, Dangerous Attacker, Creative Playmaker, Disciplinary Issues",1
3069.0,6200.0,7,4.0,0.0,7.0,0.0,0.0,0.0,0.0,0.0,11.0,27.0,199.0,12.0,1.0,72.0,18.0,0.0,0.0,0.0,73.0,81.0,182.0,0.0,0.0,0.0,1.0,10.0,9.0,2.0,266,30,-22,10,"Elite Defender, Dangerous Attacker, Disciplinary Issues",3
4914.0,11592.0,10,50.0,0.0,117.0,0.0,0.0,144.0,144.0,9.0,0.0,0.0,2702.0,50.0,28.0,267.0,14.0,0.0,140.0,0.0,184.0,381.0,192.0,0.0,9.0,28.0,10.0,37.0,59.0,1.0,376,465,-16,74,"Elite Defender, Dangerous Attacker, Creative Playmaker, Disciplinary Issues",1
4488.0,9435.0,1,34.0,0.0,65.0,0.0,0.0,27.0,27.0,2.0,0.0,1.0,1442.0,85.0,29.0,150.0,14.0,0.0,110.0,0.0,153.0,274.0,335.0,0.0,2.0,22.0,8.0,19.0,35.0,0.0,488,265,-14,60,"Elite Defender, Dangerous Attacker, Creative Playmaker, Disciplinary Issues",1
6549.0,11623.0,7,4.0,0.0,33.0,0.0,0.0,1.0,1.0,0.0,5.0,8.0,764.0,51.0,13.0,125.0,32.0,0.0,15.0,0.0,252.0,300.0,463.0,0.0,0.0,3.0,2.0,16.0,29.0,1.0,720,116,-34,29,"Elite Defender, Dangerous Attacker, Creative Playmaker, Disciplinary Issues",2
4514.0,10675.0,9,28.0,45.0,89.0,0.0,18.32,383.0,383.0,6.0,0.0,0.0,1485.0,63.0,38.0,2735.0,13.0,23.0,239.0,0.0,95.0,303.0,245.0,3.0,6.0,16.0,24.0,44.0,63.0,2.0,340,281,-17,359,"Elite Defender, Dangerous Attacker, Creative Playmaker, Disciplinary Issues",0
9648.0,13601.0,7,5.0,0.0,69.0,0.0,0.0,1.0,1.0,0.0,1.0,2.0,1368.0,40.0,82.0,262.0,47.0,0.0,90.0,1.0,423.0,571.0,396.0,1.0,0.0,18.0,5.0,35.0,40.0,1.0,820,228,-54,118,"Elite Defender, Dangerous Attacker, Creative Playmaker, Disciplinary Issues",2
6720.0,12740.0,1,15.0,0.0,87.0,0.0,0.0,24.0,24.0,0.0,0.0,0.0,1795.0,112.0,36.0,315.0,30.0,0.0,35.0,0.0,277.0,445.0,431.0,0.0,0.0,7.0,8.0,35.0,39.0,2.0,708,288,-34,83,"Elite Defender, Dangerous Attacker, Creative Playmaker, Disciplinary Issues",2
5936.0,10752.0,3,9.0,0.0,30.0,0.0,0.0,4.0,4.0,0.0,7.0,66.0,889.0,20.0,7.0,140.0,19.0,0.0,20.0,0.0,186.0,217.0,373.0,2.0,0.0,4.0,1.0,24.0,27.0,4.0,566,131,-27,23,"Elite Defender, Dangerous Attacker, Creative Playmaker, Disciplinary Issues",2
3996.0,6696.0,8,0.0,0.0,17.0,0.0,0.0,0.0,0.0,0.0,0.0,0.0,134.0,17.0,1.0,28.0,25.0,0.0,5.0,0.0,107.0,118.0,220.0,0.0,0.0,1.0,0.0,6.0,9.0,2.0,327,31,-29,3,"Elite Defender, Dangerous Attacker, Disciplinary Issues",3
6608.0,11269.0,0,8.0,0.0,121.0,0.0,0.0,9.0,9.0,1.0,3.0,36.0,2607.0,47.0,50.0,337.0,39.0,0.0,40.0,0.0,631.0,754.0,564.0,0.0,1.0,8.0,10.0,46.0,53.0,1.0,1198,397,-41,103,"Elite Defender, Dangerous Attacker, Creative Playmaker, Disciplinary Issues",2
3960.0,8184.0,4,28.0,5.0,103.0,0.0,2.83,245.0,245.0,3.0,1.0,0.0,1714.0,42.0,20.0,611.0,15.0,1.0,63.0,2.0,155.0,262.0,238.0,0.0,3.0,10.0,19.0,24.0,62.0,2.0,394,312,-29,119,"Elite Defender, Dangerous Attacker, Creative Playmaker, Disciplinary Issues",1
7896.0,10808.0,8,5.0,0.0,40.0,0.0,0.0,1.0,1.0,0.0,0.0,1.0,478.0,11.0,12.0,35.0,40.0,0.0,25.0,0.0,158.0,206.0,151.0,5.0,0.0,5.0,1.0,15.0,19.0,1.0,309,97,-42,17,"Elite Defender, Dangerous Attacker, Creative Playmaker, Disciplinary Issues",3
4811.0,9163.0,1,13.0,0.0,41.0,0.0,0.0,8.0,8.0,0.0,0.0,0.0,1119.0,49.0,28.0,133.0,9.0,0.0,35.0,0.0,149.0,227.0,257.0,0.0,0.0,7.0,3.0,23.0,27.0,0.0,406,172,-9,47,"Elite Defender, Dangerous Attacker, Creative Playmaker, Disciplinary Issues",3
8393.0,15246.0,3,13.0,0.0,36.0,0.0,0.0,4.0,4.0,0.0,36.0,132.0,1165.0,47.0,46.0,497.0,41.0,0.0,35.0,0.0,316.0,450.0,449.0,1.0,0.0,7.0,5.0,48.0,62.0,0.0,801,172,-41,105,"Elite Defender, Dangerous Attacker, Creative Playmaker, Disciplinary Issues",2
7992.0,13248.0,6,18.0,0.0,55.0,0.0,0.0,4.0,4.0,423.0,4.0,0.0,1195.0,56.0,25.0,192.0,21.0,0.0,85.0,0.0,216.0,301.0,358.0,3.0,493.0,17.0,11.0,23.0,33.0,2.0,578,209,-25,66,"Elite Defender, Dangerous Attacker, Creative Playmaker, Disciplinary Issues",2
5460.0,11375.0,9,42.0,0.0,219.0,0.0,0.0,629.0,629.0,13.0,0.0,1.0,3273.0,53.0,117.0,2870.0,23.0,0.0,130.0,0.0,171.0,697.0,381.0,0.0,13.0,26.0,56.0,45.0,100.0,1.0,552,614,-25,516,"Elite Defender, Dangerous Attacker, Creative Playmaker, Disciplinary Issues",0
6758.0,11222.0,6,3.0,0.0,32.0,0.0,0.0,2.0,2.0,341.0,3.0,0.0,639.0,37.0,22.0,121.0,20.0,0.0,30.0,0.0,271.0,319.0,280.0,3.0,401.0,6.0,2.0,12.0,20.0,2.0,554,104,-24,38,"Elite Defender, Dangerous Attacker, Creative Playmaker, Disciplinary Issues",2
9792.0,13328.0,8,2.0,0.0,13.0,0.0,0.0,1.0,1.0,1.0,1.0,1.0,291.0,44.0,7.0,140.0,32.0,0.0,25.0,1.0,232.0,258.0,232.0,11.0,1.0,5.0,0.0,16.0,19.0,3.0,465,49,-43,21,"Elite Defender, Dangerous Attacker, Creative Playmaker, Disciplinary Issues",3
6600.0,11400.0,3,7.0,0.0,42.0,0.0,0.0,1.0,1.0,0.0,8.0,33.0,740.0,54.0,14.0,133.0,17.0,0.0,10.0,0.0,213.0,241.0,554.0,0.0,0.0,2.0,1.0,22.0,27.0,0.0,775,125,-17,29,"Elite Defender, Dangerous Attacker, Creative Playmaker, Disciplinary Issues",2
7371.0,11466.0,8,3.0,0.0,34.0,0.0,0.0,0.0,0.0,1.0,0.0,0.0,479.0,17.0,39.0,190.0,19.0,0.0,20.0,0.0,264.0,341.0,328.0,2.0,1.0,4.0,1.0,13.0,16.0,0.0,592,88,-19,60,"Elite Defender, Dangerous Attacker, Creative Playmaker, Disciplinary Issues",2
1385.0,3026.0,2,1.0,10.0,7.0,1.0,6.3,65.0,65.0,0.0,0.0,0.0,281.0,9.0,3.0,146.0,5.0,6.0,46.0,0.0,17.0,42.0,46.0,0.0,0.0,1.0,4.0,2.0,5.0,0.0,63,37,-5,25,"Elite Defender, Dangerous Attacker, Creative Playmaker",3
296.0,692.0,5,3.0,0.0,7.0,0.0,0.0,4.0,4.0,0.0,0.0,0.0,111.0,1.0,1.0,8.0,0.0,0.0,0.0,0.0,12.0,17.0,5.0,0.0,0.0,0.0,0.0,2.0,2.0,0.0,17,21,0,1,"Strong Defender, Dangerous Attacker, Disciplined Player",3
1938.0,3162.0,6,2.0,0.0,5.0,0.0,0.0,0.0,0.0,49.0,0.0,0.0,139.0,8.0,3.0,26.0,7.0,0.0,0.0,0.0,51.0,63.0,63.0,0.0,60.0,0.0,0.0,1.0,2.0,2.0,114,20,-11,5,"Elite Defender, Dangerous Attacker, Disciplinary Issues",3
6859.0,11865.0,7,1.0,0.0,11.0,0.0,0.0,2.0,2.0,0.0,5.0,78.0,412.0,70.0,9.0,177.0,35.0,0.0,15.0,1.0,246.0,268.0,598.0,0.0,0.0,3.0,2.0,28.0,30.0,3.0,849,56,-46,30,"Elite Defender, Dangerous Attacker, Creative Playmaker, Disciplinary Issues",2
2310.0,4246.0,7,2.0,0.0,4.0,0.0,0.0,1.0,1.0,0.0,3.0,9.0,113.0,22.0,2.0,61.0,17.0,0.0,5.0,0.0,70.0,76.0,178.0,0.0,0.0,1.0,1.0,4.0,8.0,2.0,251,18,-21,10,"Elite Defender, Dangerous Attacker, Disciplinary Issues",3
3001.0,5272.0,3,8.0,0.0,38.0,0.0,0.0,7.0,7.0,0.0,1.0,0.0,702.0,40.0,12.0,109.0,13.0,0.0,15.0,0.0,169.0,206.0,382.0,0.0,0.0,3.0,2.0,14.0,17.0,0.0,552,119,-13,26,"Elite Defender, Dangerous Attacker, Creative Playmaker, Disciplinary Issues",2
2052.0,4461.0,7,10.0,0.0,40.0,0.0,0.0,16.0,16.0,1.0,0.0,0.0,752.0,37.0,9.0,51.0,10.0,0.0,20.0,0.0,85.0,126.0,93.0,0.0,1.0,4.0,1.0,9.0,22.0,1.0,178,129,-12,16,"Elite Defender, Dangerous Attacker, Creative Playmaker, Disciplinary Issues",3
3267.0,5859.0,0,2.0,0.0,37.0,0.0,0.0,5.0,5.0,0.0,1.0,10.0,653.0,27.0,9.0,149.0,9.0,0.0,20.0,0.0,171.0,215.0,241.0,0.0,0.0,4.0,0.0,17.0,21.0,1.0,413,108,-11,23,"Elite Defender, Dangerous Attacker, Creative Playmaker, Disciplinary Issues",3
6220.0,11776.0,3,8.0,0.0,27.0,0.0,0.0,4.0,4.0,0.0,1.0,0.0,539.0,67.0,19.0,169.0,31.0,0.0,55.0,0.0,200.0,240.0,663.0,1.0,0.0,11.0,2.0,11.0,18.0,2.0,864,99,-35,39,"Elite Defender, Dangerous Attacker, Creative Playmaker, Disciplinary Issues",2
2918.0,5856.0,1,11.0,8.0,45.0,0.0,5.58,62.0,62.0,0.0,0.0,0.0,792.0,38.0,7.0,296.0,12.0,4.0,58.0,0.0,129.0,201.0,211.0,0.0,0.0,6.0,9.0,8.0,19.0,0.0,340,141,-12,54,"Elite Defender, Dangerous Attacker, Creative Playmaker, Disciplinary Issues",3
2381.0,4393.0,3,2.0,0.0,25.0,0.0,0.0,0.0,0.0,0.0,0.0,12.0,420.0,15.0,7.0,64.0,13.0,0.0,30.0,0.0,149.0,175.0,245.0,0.0,0.0,6.0,0.0,12.0,16.0,2.0,394,75,-17,13,"Elite Defender, Dangerous Attacker, Creative Playmaker, Disciplinary Issues",3
3042.0,4758.0,8,2.0,0.0,6.0,0.0,0.0,0.0,0.0,5.0,0.0,0.0,40.0,16.0,2.0,36.0,13.0,0.0,5.0,0.0,38.0,45.0,123.0,3.0,6.0,1.0,0.0,2.0,6.0,0.0,161,13,-13,5,"Elite Defender, Solid Attacker, Disciplinary Issues",3
3465.0,6580.0,1,7.0,0.0,40.0,0.0,0.0,28.0,28.0,1.0,0.0,0.0,629.0,40.0,23.0,211.0,4.0,0.0,15.0,0.0,162.0,217.0,212.0,0.0,1.0,3.0,3.0,12.0,21.0,1.0,374,112,-6,50,"Elite Defender, Dangerous Attacker, Creative Playmaker, Disciplinary Issues",3
2850.0,5490.0,10,16.0,0.0,48.0,0.0,0.0,44.0,44.0,0.0,0.0,0.0,856.0,37.0,10.0,80.0,19.0,0.0,30.0,0.0,116.0,171.0,116.0,0.0,0.0,6.0,0.0,13.0,26.0,3.0,232,155,-25,18,"Elite Defender, Dangerous Attacker, Creative Playmaker, Disciplinary Issues",3
2836.0,6592.0,9,7.0,0.0,27.0,0.0,0.0,324.0,324.0,3.0,0.0,1.0,741.0,47.0,22.0,1940.0,11.0,0.0,40.0,0.0,64.0,178.0,194.0,2.0,3.0,8.0,9.0,14.0,27.0,0.0,258,116,-11,234,"Elite Defender, Dangerous Attacker, Creative Playmaker, Disciplinary Issues",3
2724.0,4827.0,6,1.0,0.0,5.0,0.0,0.0,0.0,0.0,181.0,3.0,0.0,191.0,8.0,2.0,103.0,14.0,0.0,15.0,1.0,132.0,149.0,212.0,2.0,194.0,3.0,0.0,3.0,7.0,2.0,347,28,-23,12,"Elite Defender, Dangerous Attacker, Creative Playmaker, Disciplinary Issues",3
4712.0,7714.0,7,2.0,0.0,17.0,0.0,0.0,0.0,0.0,0.0,13.0,24.0,432.0,24.0,5.0,113.0,26.0,0.0,5.0,0.0,244.0,272.0,410.0,0.0,0.0,1.0,0.0,16.0,21.0,1.0,667,63,-28,16,"Elite Defender, Dangerous Attacker, Creative Playmaker, Disciplinary Issues",2
3856.0,6405.0,8,0.0,0.0,10.0,0.0,0.0,0.0,0.0,0.0,0.0,0.0,109.0,13.0,5.0,49.0,23.0,0.0,30.0,0.0,88.0,106.0,201.0,4.0,0.0,6.0,2.0,7.0,13.0,0.0,289,26,-23,13,"Elite Defender, Dangerous Attacker, Creative Playmaker, Disciplinary Issues",3
6492.0,12429.0,1,24.0,0.0,139.0,0.0,0.0,17.0,17.0,1.0,0.0,3.0,1719.0,102.0,93.0,731.0,25.0,0.0,60.0,0.0,272.0,527.0,610.0,0.0,1.0,12.0,10.0,31.0,49.0,1.0,882,346,-27,186,"Elite Defender, Dangerous Attacker, Creative Playmaker, Disciplinary Issues",2
4957.0,8084.0,8,3.0,0.0,11.0,0.0,0.0,0.0,0.0,0.0,0.0,0.0,159.0,47.0,4.0,84.0,34.0,0.0,0.0,0.0,138.0,156.0,329.0,2.0,0.0,0.0,0.0,10.0,15.0,0.0,467,29,-34,12,"Elite Defender, Dangerous Attacker, Creative Playmaker, Disciplinary Issues",3
2000.0,4406.0,9,8.0,1.0,36.0,0.0,1.0,133.0,133.0,0.0,0.0,0.0,504.0,32.0,15.0,789.0,5.0,0.0,12.0,0.0,38.0,110.0,71.0,1.0,1.0,2.0,2.0,7.0,23.0,1.0,109,96,-7,97,"Elite Defender, Dangerous Attacker, Creative Playmaker, Disciplinary Issues",3
1611.0,3563.0,5,10.0,0.0,40.0,0.0,0.0,57.0,57.0,0.0,0.0,0.0,1147.0,18.0,14.0,83.0,8.0,0.0,30.0,0.0,101.0,179.0,57.0,0.0,0.0,6.0,3.0,15.0,21.0,3.0,158,170,-14,28,"Elite Defender, Dangerous Attacker, Creative Playmaker, Disciplinary Issues",3
5739.0,9203.0,8,0.0,0.0,6.0,0.0,0.0,0.0,0.0,0.0,0.0,0.0,149.0,22.0,3.0,42.0,34.0,0.0,0.0,0.0,87.0,99.0,183.0,3.0,0.0,0.0,0.0,7.0,9.0,2.0,270,20,-38,7,"Elite Defender, Dangerous Attacker, Disciplinary Issues",3
6808.0,13468.0,4,14.0,120.0,91.0,1.0,46.910000000000004,692.0,692.0,10.0,0.0,0.0,2454.0,152.0,88.0,1516.0,19.0,102.0,564.0,0.0,86.0,498.0,372.0,0.0,10.0,3.0,31.0,46.0,121.0,2.0,458,353,-23,301,"Elite Defender, Dangerous Attacker, Creative Playmaker, Disciplinary Issues",0
2820.0,5640.0,1,16.0,7.0,46.0,0.0,2.3,58.0,58.0,2.0,0.0,0.0,891.0,37.0,13.0,388.0,7.0,0.0,34.0,0.0,108.0,189.0,145.0,0.0,2.0,4.0,9.0,9.0,33.0,1.0,253,155,-9,69,"Elite Defender, Dangerous Attacker, Creative Playmaker, Disciplinary Issues",3
2958.0,6222.0,10,26.0,0.0,79.0,0.0,0.0,43.0,43.0,3.0,0.0,0.0,1224.0,27.0,14.0,105.0,6.0,0.0,75.0,0.0,115.0,195.0,115.0,0.0,3.0,15.0,2.0,16.0,28.0,0.0,230,242,-6,28,"Elite Defender, Dangerous Attacker, Creative Playmaker, Disciplinary Issues",3
3480.0,5394.0,8,0.0,0.0,1.0,0.0,0.0,1.0,1.0,0.0,0.0,0.0,23.0,19.0,0.0,12.0,16.0,0.0,0.0,0.0,24.0,24.0,105.0,1.0,0.0,0.0,0.0,0.0,1.0,0.0,129,3,-16,1,"Elite Defender, Disciplinary Issues",3
1404.0,2470.0,3,1.0,0.0,2.0,0.0,0.0,0.0,0.0,0.0,0.0,0.0,71.0,5.0,1.0,19.0,3.0,0.0,0.0,0.0,35.0,38.0,102.0,0.0,0.0,0.0,1.0,3.0,3.0,0.0,137,10,-3,4,"Elite Defender, Solid Attacker",3
3686.0,7030.0,3,11.0,0.0,75.0,0.0,0.0,1.0,1.0,0.0,0.0,10.0,696.0,23.0,19.0,144.0,15.0,0.0,30.0,0.0,206.0,254.0,461.0,0.0,0.0,6.0,2.0,13.0,21.0,0.0,667,161,-15,37,"Elite Defender, Dangerous Attacker, Creative Playmaker, Disciplinary Issues",2
6832.0,11346.0,6,5.0,0.0,43.0,0.0,0.0,3.0,3.0,358.0,7.0,0.0,745.0,32.0,19.0,118.0,23.0,0.0,85.0,0.0,206.0,266.0,376.0,3.0,420.0,17.0,0.0,12.0,22.0,2.0,589,139,-27,30,"Elite Defender, Dangerous Attacker, Creative Playmaker, Disciplinary Issues",2
3468.0,6562.0,1,14.0,0.0,64.0,0.0,0.0,53.0,53.0,0.0,0.0,0.0,679.0,32.0,23.0,232.0,14.0,0.0,20.0,0.0,143.0,218.0,202.0,0.0,0.0,4.0,7.0,5.0,15.0,0.0,345,149,-14,60,"Elite Defender, Dangerous Attacker, Creative Playmaker, Disciplinary Issues",3
4251.0,7215.0,0,6.0,0.0,47.0,0.0,0.0,1.0,1.0,0.0,2.0,22.0,642.0,30.0,6.0,138.0,26.0,0.0,15.0,0.0,272.0,295.0,436.0,0.0,1.0,3.0,3.0,21.0,25.0,1.0,710,120,-28,25,"Elite Defender, Dangerous Attacker, Creative Playmaker, Disciplinary Issues",2
1577.0,3363.0,10,21.0,0.0,71.0,0.0,0.0,14.0,14.0,2.0,0.0,1.0,1103.0,20.0,8.0,45.0,8.0,0.0,35.0,0.0,87.0,130.0,65.0,0.0,3.0,7.0,5.0,8.0,16.0,0.0,152,209,-8,22,"Elite Defender, Dangerous Attacker, Creative Playmaker, Disciplinary Issues",3
5235.0,11565.0,9,10.0,0.0,48.0,0.0,0.0,412.0,412.0,3.0,1.0,0.0,863.0,43.0,26.0,2661.0,9.0,0.0,65.0,0.0,112.0,222.0,314.0,0.0,3.0,13.0,11.0,33.0,49.0,2.0,427,157,-13,314,"Elite Defender, Dangerous Attacker, Creative Playmaker, Disciplinary Issues",0
5300.0,9650.0,5,35.0,27.0,134.0,0.0,8.280000000000001,156.0,156.0,3.0,0.0,0.0,2678.0,53.0,50.0,481.0,15.0,10.0,174.0,0.0,204.0,419.0,139.0,1.0,3.0,18.0,11.0,41.0,64.0,1.0,343,454,-17,120,"Elite Defender, Dangerous Attacker, Creative Playmaker, Disciplinary Issues",1
4242.0,7770.0,1,25.0,0.0,110.0,0.0,0.0,47.0,47.0,0.0,0.0,0.0,1740.0,56.0,35.0,189.0,12.0,0.0,90.0,0.0,154.0,289.0,249.0,0.0,0.0,18.0,12.0,23.0,39.0,0.0,403,327,-12,77,"Elite Defender, Dangerous Attacker, Creative Playmaker, Disciplinary Issues",1
2943.0,4941.0,8,2.0,0.0,11.0,0.0,0.0,0.0,0.0,0.0,1.0,0.0,104.0,11.0,2.0,23.0,17.0,0.0,5.0,1.0,71.0,81.0,126.0,2.0,0.0,1.0,0.0,0.0,2.0,1.0,198,24,-24,4,"Elite Defender, Dangerous Attacker, Disciplinary Issues",3
4410.0,8106.0,1,51.0,0.0,223.0,0.0,0.0,16.0,16.0,3.0,0.0,0.0,2558.0,36.0,30.0,116.0,17.0,0.0,90.0,1.0,192.0,329.0,132.0,0.0,3.0,18.0,6.0,33.0,55.0,4.0,324,547,-30,53,"Elite Defender, Dangerous Attacker, Creative Playmaker, Disciplinary Issues",1
3672.0,6562.0,3,4.0,0.0,20.0,0.0,0.0,0.0,0.0,2.0,2.0,31.0,462.0,29.0,12.0,169.0,34.0,0.0,0.0,0.0,198.0,238.0,336.0,0.0,2.0,0.0,1.0,21.0,26.0,0.0,536,70,-34,30,"Elite Defender, Dangerous Attacker, Creative Playmaker, Disciplinary Issues",2
6125.0,9261.0,8,1.0,0.0,37.0,0.0,0.0,0.0,0.0,0.0,1.0,0.0,455.0,22.0,4.0,71.0,60.0,0.0,15.0,0.0,338.0,366.0,429.0,5.0,0.0,3.0,0.0,14.0,17.0,2.0,768,86,-64,11,"Elite Defender, Dangerous Attacker, Creative Playmaker, Disciplinary Issues",2
5382.0,8510.0,8,5.0,0.0,42.0,0.0,0.0,0.0,0.0,0.0,1.0,0.0,538.0,33.0,11.0,102.0,32.0,0.0,45.0,0.0,354.0,402.0,405.0,3.0,0.0,9.0,0.0,14.0,18.0,1.0,760,109,-34,21,"Elite Defender, Dangerous Attacker, Creative Playmaker, Disciplinary Issues",2
2964.0,6650.0,9,10.0,37.0,19.0,0.0,15.25,237.0,237.0,1.0,0.0,0.0,579.0,36.0,12.0,1638.0,13.0,8.0,133.0,0.0,61.0,138.0,157.0,0.0,1.0,7.0,7.0,21.0,34.0,0.0,218,93,-13,189,"Elite Defender, Dangerous Attacker, Creative Playmaker, Disciplinary Issues",3
4290.0,7488.0,0,5.0,0.0,85.0,0.0,0.0,3.0,3.0,0.0,2.0,11.0,1412.0,21.0,33.0,188.0,19.0,0.0,15.0,0.0,370.0,436.0,382.0,0.0,0.0,3.0,2.0,15.0,24.0,0.0,754,234,-19,55,"Elite Defender, Dangerous Attacker, Creative Playmaker, Disciplinary Issues",2
3751.0,6138.0,7,2.0,0.0,14.0,0.0,0.0,0.0,0.0,0.0,6.0,39.0,301.0,7.0,20.0,181.0,21.0,0.0,10.0,0.0,226.0,262.0,327.0,0.0,0.0,2.0,0.0,8.0,10.0,0.0,559,48,-21,38,"Elite Defender, Dangerous Attacker, Creative Playmaker, Disciplinary Issues",2
3922.0,6771.0,6,0.0,0.0,2.0,0.0,0.0,0.0,0.0,269.0,0.0,0.0,246.0,24.0,5.0,55.0,19.0,0.0,25.0,0.0,124.0,135.0,220.0,0.0,290.0,5.0,3.0,2.0,8.0,2.0,344,31,-23,16,"Elite Defender, Dangerous Attacker, Creative Playmaker, Disciplinary Issues",3
4756.0,8282.0,7,0.0,0.0,7.0,0.0,0.0,2.0,2.0,0.0,9.0,59.0,218.0,10.0,11.0,171.0,31.0,0.0,0.0,2.0,205.0,227.0,421.0,0.0,0.0,0.0,0.0,13.0,16.0,2.0,635,28,-45,28,"Elite Defender, Dangerous Attacker, Creative Playmaker, Disciplinary Issues",2
5162.0,10614.0,4,19.0,87.0,44.0,0.0,39.33,244.0,244.0,5.0,0.0,0.0,1558.0,53.0,17.0,743.0,12.0,57.0,395.0,0.0,143.0,309.0,191.0,0.0,5.0,10.0,15.0,22.0,59.0,0.0,334,228,-12,121,"Elite Defender, Dangerous Attacker, Creative Playmaker, Disciplinary Issues",1
1485.0,2670.0,8,0.0,0.0,3.0,0.0,0.0,0.0,0.0,0.0,0.0,0.0,48.0,8.0,2.0,17.0,5.0,0.0,0.0,0.0,32.0,36.0,54.0,1.0,0.0,0.0,0.0,1.0,2.0,0.0,86,7,-5,3,Elite Defender,3
3069.0,5797.0,3,7.0,0.0,13.0,0.0,0.0,2.0,2.0,0.0,0.0,2.0,409.0,22.0,5.0,40.0,5.0,0.0,20.0,0.0,103.0,129.0,151.0,0.0,0.0,4.0,0.0,5.0,10.0,0.0,254,64,-5,9,"Elite Defender, Dangerous Attacker",3
2054.0,4758.0,10,19.0,0.0,57.0,0.0,1.0,23.0,23.0,1.0,0.0,0.0,902.0,51.0,5.0,47.0,5.0,1.0,43.0,0.0,73.0,131.0,93.0,0.0,1.0,8.0,2.0,16.0,26.0,0.0,166,174,-5,13,"Elite Defender, Dangerous Attacker, Creative Playmaker",3
2460.0,5220.0,9,1.0,0.0,11.0,0.0,0.0,135.0,135.0,4.0,0.0,0.0,145.0,25.0,2.0,922.0,2.0,0.0,10.0,0.0,13.0,41.0,72.0,0.0,4.0,2.0,3.0,8.0,12.0,0.0,85,28,-2,100,"Elite Defender, Dangerous Attacker, Creative Playmaker",3
3737.0,7030.0,7,6.0,0.0,54.0,0.0,0.0,1.0,1.0,0.0,0.0,6.0,1121.0,22.0,10.0,98.0,37.0,0.0,25.0,0.0,240.0,284.0,415.0,0.0,0.0,5.0,2.0,13.0,23.0,3.0,655,177,-43,23,"Elite Defender, Dangerous Attacker, Creative Playmaker, Disciplinary Issues",2
3952.0,8996.0,9,13.0,3.0,46.0,0.0,4.2,157.0,157.0,0.0,0.0,1.0,667.0,34.0,14.0,1285.0,8.0,4.0,28.0,0.0,44.0,135.0,102.0,0.0,0.0,2.0,9.0,16.0,33.0,1.0,146,127,-10,160,"Elite Defender, Dangerous Attacker, Creative Playmaker, Disciplinary Issues",3
3745.0,6405.0,6,0.0,0.0,5.0,0.0,0.0,0.0,0.0,267.0,0.0,0.0,182.0,59.0,5.0,73.0,17.0,0.0,0.0,1.0,105.0,128.0,371.0,1.0,304.0,0.0,0.0,3.0,11.0,0.0,476,23,-22,12,"Elite Defender, Dangerous Attacker, Creative Playmaker, Disciplinary Issues",3
2759.0,5797.0,1,18.0,0.0,49.0,0.0,0.0,25.0,25.0,2.0,0.0,0.0,1016.0,41.0,14.0,81.0,12.0,0.0,35.0,0.0,106.0,164.0,257.0,0.0,2.0,7.0,4.0,25.0,30.0,1.0,363,175,-14,30,"Elite Defender, Dangerous Attacker, Creative Playmaker, Disciplinary Issues",3
6624.0,12627.0,4,12.0,39.0,63.0,2.0,26.519999999999996,350.0,350.0,2.0,0.0,0.0,1681.0,72.0,17.0,922.0,15.0,37.0,205.0,0.0,254.0,398.0,453.0,0.0,2.0,2.0,21.0,23.0,70.0,0.0,707,245,-15,151,"Elite Defender, Dangerous Attacker, Creative Playmaker, Disciplinary Issues",2
3103.0,5481.0,3,4.0,0.0,31.0,0.0,0.0,1.0,1.0,0.0,0.0,7.0,345.0,11.0,5.0,47.0,18.0,0.0,10.0,0.0,72.0,94.0,169.0,0.0,0.0,2.0,1.0,9.0,13.0,2.0,241,71,-22,11,"Elite Defender, Dangerous Attacker, Creative Playmaker, Disciplinary Issues",3
2834.0,4761.0,6,2.0,0.0,19.0,0.0,0.0,1.0,1.0,144.0,0.0,0.0,167.0,16.0,1.0,45.0,10.0,0.0,40.0,0.0,109.0,126.0,226.0,0.0,163.0,8.0,0.0,8.0,14.0,0.0,335,45,-10,5,"Elite Defender, Dangerous Attacker, Disciplinary Issues",3
3042.0,6903.0,5,31.0,0.0,100.0,0.0,0.0,64.0,64.0,6.0,0.0,0.0,1874.0,39.0,15.0,162.0,12.0,0.0,85.0,0.0,129.0,260.0,120.0,0.0,6.0,17.0,4.0,40.0,45.0,0.0,249,335,-12,39,"Elite Defender, Dangerous Attacker, Creative Playmaker, Disciplinary Issues",1
6327.0,10317.0,8,1.0,0.0,60.0,0.0,0.0,4.0,4.0,0.0,0.0,0.0,421.0,59.0,9.0,83.0,73.0,0.0,10.0,0.0,241.0,280.0,474.0,9.0,0.0,2.0,0.0,10.0,13.0,2.0,715,105,-77,17,"Elite Defender, Dangerous Attacker, Creative Playmaker, Disciplinary Issues",2
4522.0,7486.0,7,2.0,0.0,19.0,0.0,0.0,1.0,1.0,0.0,1.0,24.0,190.0,30.0,1.0,72.0,18.0,0.0,0.0,1.0,182.0,198.0,374.0,0.0,0.0,0.0,0.0,7.0,11.0,1.0,557,40,-25,8,"Elite Defender, Dangerous Attacker, Disciplinary Issues",2
4182.0,7708.0,3,4.0,0.0,15.0,0.0,0.0,3.0,3.0,0.0,2.0,7.0,420.0,74.0,16.0,237.0,12.0,0.0,15.0,0.0,169.0,227.0,536.0,0.0,0.0,3.0,2.0,17.0,25.0,1.0,707,64,-14,43,"Elite Defender, Dangerous Attacker, Creative Playmaker, Disciplinary Issues",2
4248.0,7164.0,7,8.0,0.0,10.0,0.0,0.0,0.0,0.0,0.0,5.0,56.0,383.0,21.0,5.0,94.0,27.0,0.0,40.0,0.0,102.0,127.0,250.0,0.0,0.0,8.0,2.0,16.0,16.0,3.0,357,64,-33,18,"Elite Defender, Dangerous Attacker, Creative Playmaker, Disciplinary Issues",3
5002.0,7503.0,8,0.0,0.0,9.0,0.0,0.0,1.0,1.0,0.0,0.0,0.0,105.0,37.0,3.0,49.0,33.0,0.0,20.0,0.0,111.0,121.0,302.0,7.0,0.0,4.0,0.0,9.0,9.0,2.0,413,23,-37,7,"Elite Defender, Dangerous Attacker, Disciplinary Issues",3
4230.0,8460.0,10,42.0,0.0,138.0,0.0,0.0,37.0,37.0,5.0,0.0,0.0,2908.0,81.0,73.0,271.0,8.0,0.0,40.0,0.0,234.0,440.0,182.0,0.0,5.0,8.0,8.0,31.0,55.0,0.0,416,478,-8,116,"Elite Defender, Dangerous Attacker, Creative Playmaker, Disciplinary Issues",1
3852.0,7128.0,7,6.0,0.0,29.0,0.0,0.0,1.0,1.0,0.0,11.0,72.0,467.0,19.0,14.0,213.0,12.0,0.0,10.0,0.0,124.0,153.0,318.0,0.0,0.0,2.0,2.0,19.0,29.0,0.0,453,83,-12,39,"Elite Defender, Dangerous Attacker, Creative Playmaker, Disciplinary Issues",3
3270.0,5850.0,3,4.0,0.0,35.0,0.0,0.0,0.0,0.0,0.0,1.0,11.0,501.0,18.0,2.0,52.0,17.0,0.0,10.0,0.0,286.0,311.0,312.0,0.0,0.0,2.0,0.0,14.0,21.0,0.0,599,91,-17,7,"Elite Defender, Dangerous Attacker, Disciplinary Issues",2
3927.0,6072.0,8,0.0,0.0,3.0,0.0,0.0,0.0,0.0,0.0,0.0,0.0,27.0,29.0,0.0,16.0,20.0,0.0,0.0,0.0,58.0,60.0,227.0,4.0,0.0,0.0,0.0,0.0,0.0,1.0,285,5,-22,1,"Elite Defender, Disciplinary Issues",3
3626.0,6993.0,1,13.0,0.0,38.0,0.0,0.0,38.0,38.0,0.0,0.0,0.0,817.0,87.0,20.0,443.0,13.0,0.0,20.0,0.0,178.0,290.0,265.0,0.0,0.0,4.0,5.0,20.0,36.0,0.0,443,136,-13,74,"Elite Defender, Dangerous Attacker, Creative Playmaker, Disciplinary Issues",3
3696.0,7770.0,4,9.0,64.0,70.0,0.0,25.62,246.0,246.0,0.0,0.0,0.0,653.0,45.0,25.0,783.0,9.0,33.0,242.0,0.0,121.0,254.0,234.0,0.0,0.0,3.0,10.0,16.0,52.0,0.0,355,147,-9,123,"Elite Defender, Dangerous Attacker, Creative Playmaker, Disciplinary Issues",3
1620.0,3474.0,9,1.0,21.0,12.0,0.0,9.16,81.0,81.0,0.0,0.0,0.0,177.0,27.0,2.0,207.0,1.0,4.0,59.0,0.0,14.0,46.0,58.0,0.0,0.0,1.0,8.0,1.0,5.0,0.0,72,31,-1,38,"Elite Defender, Dangerous Attacker, Creative Playmaker, Disciplined Player",3
2800.0,4575.0,8,2.0,0.0,15.0,0.0,0.0,1.0,1.0,0.0,0.0,0.0,107.0,5.0,0.0,24.0,18.0,0.0,5.0,0.0,75.0,79.0,110.0,2.0,0.0,1.0,1.0,3.0,4.0,0.0,185,28,-18,4,"Elite Defender, Dangerous Attacker, Disciplinary Issues",3
3811.0,7326.0,7,11.0,0.0,50.0,0.0,0.0,2.0,2.0,0.0,16.0,44.0,684.0,56.0,8.0,150.0,18.0,0.0,15.0,0.0,209.0,234.0,263.0,1.0,0.0,3.0,1.0,31.0,39.0,0.0,488,132,-18,25,"Elite Defender, Dangerous Attacker, Creative Playmaker, Disciplinary Issues",3
4687.0,8213.0,6,23.0,0.0,56.0,0.0,0.0,12.0,12.0,366.0,3.0,0.0,1011.0,32.0,13.0,108.0,12.0,0.0,110.0,0.0,218.0,281.0,277.0,1.0,406.0,22.0,5.0,11.0,24.0,0.0,498,202,-12,33,"Elite Defender, Dangerous Attacker, Creative Playmaker, Disciplinary Issues",1
2200.0,4700.0,10,22.0,0.0,68.0,0.0,0.0,49.0,49.0,3.0,0.0,0.0,1162.0,19.0,30.0,133.0,8.0,0.0,30.0,0.0,126.0,214.0,77.0,0.0,3.0,6.0,6.0,11.0,24.0,0.0,203,212,-8,55,"Elite Defender, Dangerous Attacker, Creative Playmaker, Disciplinary Issues",3
4515.0,8299.0,3,7.0,0.0,81.0,0.0,0.0,4.0,4.0,0.0,0.0,22.0,1574.0,49.0,24.0,224.0,39.0,0.0,50.0,0.0,378.0,470.0,491.0,0.0,0.0,10.0,9.0,23.0,36.0,1.0,869,255,-41,64,"Elite Defender, Dangerous Attacker, Creative Playmaker, Disciplinary Issues",2
4173.0,7215.0,6,4.0,0.0,25.0,0.0,0.0,3.0,3.0,202.0,0.0,0.0,451.0,22.0,13.0,87.0,15.0,0.0,30.0,0.0,124.0,166.0,243.0,2.0,236.0,6.0,3.0,6.0,14.0,0.0,367,80,-15,27,"Elite Defender, Dangerous Attacker, Creative Playmaker, Disciplinary Issues",3
3392.0,6432.0,7,3.0,0.0,11.0,0.0,0.0,0.0,0.0,0.0,9.0,44.0,348.0,20.0,3.0,92.0,23.0,0.0,15.0,0.0,192.0,195.0,307.0,0.0,0.0,3.0,1.0,17.0,20.0,2.0,508,51,-27,14,"Elite Defender, Dangerous Attacker, Creative Playmaker, Disciplinary Issues",3
3150.0,6475.0,5,23.0,0.0,71.0,0.0,0.0,88.0,88.0,0.0,0.0,0.0,1956.0,31.0,14.0,216.0,6.0,0.0,35.0,0.0,218.0,338.0,100.0,0.0,0.0,7.0,5.0,21.0,39.0,1.0,318,296,-8,45,"Elite Defender, Dangerous Attacker, Creative Playmaker, Disciplinary Issues",1
4960.0,7320.0,8,1.0,0.0,13.0,0.0,0.0,0.0,0.0,0.0,0.0,0.0,284.0,33.0,3.0,109.0,54.0,0.0,15.0,0.0,213.0,234.0,330.0,4.0,0.0,3.0,1.0,8.0,9.0,1.0,543,45,-56,15,"Elite Defender, Dangerous Attacker, Creative Playmaker, Disciplinary Issues",2
2821.0,5735.0,1,18.0,0.0,52.0,0.0,0.0,29.0,29.0,1.0,0.0,0.0,1086.0,75.0,16.0,194.0,2.0,0.0,35.0,0.0,178.0,243.0,164.0,0.0,1.0,7.0,10.0,19.0,28.0,0.0,342,185,-2,55,"Elite Defender, Dangerous Attacker, Creative Playmaker",3
3300.0,6204.0,10,54.0,0.0,66.0,0.0,0.0,208.0,208.0,0.0,0.0,0.0,2618.0,42.0,35.0,228.0,13.0,0.0,140.0,0.0,162.0,321.0,113.0,0.0,0.0,28.0,15.0,22.0,45.0,2.0,275,409,-17,87,"Elite Defender, Dangerous Attacker, Creative Playmaker, Disciplinary Issues",1
3280.0,7000.0,9,12.0,0.0,42.0,0.0,0.0,276.0,276.0,1.0,0.0,0.0,1121.0,35.0,15.0,2599.0,7.0,0.0,65.0,0.0,78.0,182.0,136.0,0.0,1.0,13.0,26.0,23.0,36.0,0.0,214,179,-7,326,"Elite Defender, Dangerous Attacker, Creative Playmaker, Disciplinary Issues",0
3196.0,6290.0,1,14.0,0.0,47.0,0.0,0.0,20.0,20.0,0.0,0.0,0.0,800.0,36.0,16.0,194.0,10.0,0.0,25.0,0.0,179.0,240.0,194.0,0.0,0.0,5.0,5.0,15.0,21.0,1.0,373,146,-12,45,"Elite Defender, Dangerous Attacker, Creative Playmaker, Disciplinary Issues",3
4472.0,7869.0,3,12.0,0.0,39.0,0.0,0.0,0.0,0.0,6.0,1.0,0.0,927.0,44.0,6.0,231.0,13.0,0.0,60.0,0.0,222.0,286.0,488.0,1.0,9.0,12.0,5.0,13.0,24.0,0.0,711,155,-13,39,"Elite Defender, Dangerous Attacker, Creative Playmaker, Disciplinary Issues",2
4368.0,7722.0,7,9.0,0.0,16.0,0.0,0.0,6.0,6.0,0.0,11.0,63.0,538.0,37.0,12.0,279.0,33.0,0.0,35.0,0.0,269.0,307.0,400.0,0.0,0.0,7.0,3.0,22.0,36.0,2.0,680,85,-37,45,"Elite Defender, Dangerous Attacker, Creative Playmaker, Disciplinary Issues",2
4387.0,7913.0,2,5.0,0.0,35.0,0.0,0.0,3.0,3.0,0.0,1.0,15.0,881.0,19.0,15.0,90.0,12.0,0.0,35.0,0.0,203.0,239.0,229.0,0.0,0.0,7.0,4.0,6.0,15.0,1.0,433,135,-14,32,"Elite Defender, Dangerous Attacker, Creative Playmaker, Disciplinary Issues",3
3434.0,6052.0,1,21.0,0.0,95.0,0.0,0.0,2.0,2.0,1.0,0.0,0.0,1264.0,29.0,21.0,241.0,21.0,0.0,70.0,0.0,290.0,381.0,242.0,0.0,1.0,14.0,7.0,20.0,28.0,0.0,532,256,-21,59,"Elite Defender, Dangerous Attacker, Creative Playmaker, Disciplinary Issues",1
4366.0,7363.0,7,1.0,0.0,17.0,0.0,0.0,0.0,0.0,0.0,4.0,59.0,304.0,19.0,7.0,131.0,23.0,0.0,10.0,0.0,166.0,191.0,281.0,0.0,0.0,2.0,2.0,15.0,18.0,2.0,451,50,-27,24,"Elite Defender, Dangerous Attacker, Creative Playmaker, Disciplinary Issues",3
4366.0,6956.0,8,0.0,0.0,11.0,0.0,0.0,0.0,0.0,1.0,0.0,0.0,121.0,21.0,5.0,58.0,23.0,0.0,10.0,0.0,124.0,141.0,247.0,5.0,1.0,2.0,3.0,4.0,7.0,0.0,371,25,-23,16,"Elite Defender, Dangerous Attacker, Creative Playmaker, Disciplinary Issues",3
3956.0,8084.0,9,5.0,0.0,15.0,0.0,0.0,139.0,139.0,0.0,0.0,0.0,283.0,27.0,7.0,1361.0,8.0,0.0,20.0,0.0,42.0,83.0,107.0,0.0,0.0,4.0,7.0,15.0,25.0,1.0,149,52,-10,157,"Elite Defender, Dangerous Attacker, Creative Playmaker, Disciplinary Issues",3
3815.0,6475.0,8,0.0,0.0,7.0,0.0,0.0,1.0,1.0,0.0,0.0,0.0,100.0,25.0,2.0,15.0,14.0,0.0,25.0,0.0,73.0,85.0,108.0,2.0,0.0,5.0,0.0,3.0,5.0,0.0,181,22,-14,3,"Elite Defender, Dangerous Attacker, Disciplinary Issues",3
4617.0,10032.0,4,33.0,122.0,147.0,3.0,35.559999999999995,390.0,390.0,4.0,0.0,0.0,2473.0,81.0,36.0,1105.0,10.0,34.0,425.0,0.0,124.0,429.0,318.0,0.0,4.0,14.0,32.0,17.0,51.0,1.0,442,441,-12,210,"Elite Defender, Dangerous Attacker, Creative Playmaker, Disciplinary Issues",0
5117.0,8428.0,3,6.0,0.0,36.0,0.0,0.0,0.0,0.0,0.0,1.0,16.0,576.0,27.0,11.0,55.0,13.0,0.0,25.0,0.0,176.0,211.0,228.0,0.0,0.0,5.0,1.0,14.0,22.0,0.0,405,104,-13,18,"Elite Defender, Dangerous Attacker, Creative Playmaker, Disciplinary Issues",3
4952.0,9000.0,6,14.0,0.0,104.0,0.0,0.0,4.0,4.0,250.0,0.0,0.0,1014.0,66.0,12.0,64.0,19.0,0.0,75.0,0.0,241.0,300.0,213.0,3.0,277.0,15.0,2.0,9.0,19.0,0.0,454,234,-19,22,"Elite Defender, Dangerous Attacker, Creative Playmaker, Disciplinary Issues",1
4959.0,10260.0,4,15.0,127.0,53.0,3.0,37.89,299.0,299.0,0.0,0.0,0.0,1091.0,92.0,23.0,928.0,16.0,49.0,420.0,0.0,142.0,290.0,528.0,0.0,0.0,2.0,29.0,29.0,63.0,1.0,670,179,-18,173,"Elite Defender, Dangerous Attacker, Creative Playmaker, Disciplinary Issues",2
4951.0,7955.0,8,1.0,0.0,6.0,0.0,0.0,0.0,0.0,0.0,0.0,0.0,190.0,28.0,2.0,68.0,30.0,0.0,15.0,0.0,179.0,198.0,236.0,0.0,0.0,3.0,0.0,6.0,7.0,0.0,415,29,-30,8,"Elite Defender, Dangerous Attacker, Disciplinary Issues",3
6084.0,10452.0,7,4.0,0.0,33.0,0.0,0.0,2.0,2.0,0.0,20.0,104.0,508.0,76.0,4.0,150.0,22.0,0.0,20.0,0.0,166.0,193.0,411.0,2.0,0.0,4.0,2.0,19.0,32.0,2.0,597,91,-26,23,"Elite Defender, Dangerous Attacker, Creative Playmaker, Disciplinary Issues",2
5499.0,9306.0,7,2.0,0.0,40.0,0.0,0.0,0.0,0.0,0.0,8.0,42.0,574.0,57.0,7.0,101.0,14.0,0.0,30.0,0.0,263.0,287.0,467.0,1.0,0.0,6.0,0.0,12.0,22.0,1.0,738,105,-16,17,"Elite Defender, Dangerous Attacker, Creative Playmaker, Disciplinary Issues",2
5096.0,10528.0,5,65.0,0.0,162.0,0.0,0.0,87.0,87.0,4.0,0.0,0.0,3470.0,65.0,39.0,226.0,21.0,0.0,160.0,0.0,311.0,503.0,340.0,0.0,4.0,32.0,19.0,32.0,67.0,1.0,651,606,-23,99,"Elite Defender, Dangerous Attacker, Creative Playmaker, Disciplinary Issues",1
5665.0,10780.0,5,35.0,0.0,142.0,0.0,0.0,208.0,208.0,0.0,0.0,0.0,3659.0,80.0,18.0,208.0,23.0,0.0,75.0,1.0,451.0,612.0,121.0,0.0,0.0,15.0,9.0,53.0,81.0,2.0,572,557,-32,56,"Elite Defender, Dangerous Attacker, Creative Playmaker, Disciplinary Issues",1
6250.0,9450.0,8,0.0,0.0,6.0,0.0,0.0,1.0,1.0,0.0,0.0,0.0,170.0,36.0,1.0,41.0,38.0,0.0,0.0,0.0,127.0,129.0,306.0,6.0,0.0,0.0,0.0,6.0,5.0,1.0,433,23,-40,5,"Elite Defender, Dangerous Attacker, Disciplinary Issues",3
4704.0,8736.0,1,35.0,0.0,155.0,0.0,0.0,34.0,34.0,1.0,0.0,0.0,1982.0,64.0,28.0,135.0,19.0,0.0,85.0,0.0,211.0,324.0,308.0,0.0,1.0,17.0,8.0,35.0,45.0,1.0,519,405,-21,57,"Elite Defender, Dangerous Attacker, Creative Playmaker, Disciplinary Issues",1
4371.0,8507.0,1,48.0,0.0,115.0,0.0,0.0,22.0,22.0,1.0,0.0,0.0,2786.0,70.0,11.0,90.0,12.0,0.0,170.0,0.0,229.0,321.0,264.0,0.0,1.0,34.0,6.0,21.0,40.0,1.0,493,475,-14,32,"Elite Defender, Dangerous Attacker, Creative Playmaker, Disciplinary Issues",1
5187.0,9792.0,0,8.0,0.0,171.0,0.0,0.0,2.0,2.0,0.0,2.0,6.0,1591.0,27.0,25.0,123.0,19.0,0.0,55.0,0.0,403.0,460.0,469.0,0.0,0.0,11.0,2.0,21.0,23.0,2.0,874,349,-23,41,"Elite Defender, Dangerous Attacker, Creative Playmaker, Disciplinary Issues",2
5145.0,9065.0,3,8.0,0.0,48.0,0.0,0.0,14.0,14.0,0.0,3.0,2.0,783.0,78.0,24.0,220.0,36.0,0.0,70.0,0.0,245.0,313.0,622.0,0.0,0.0,14.0,2.0,18.0,22.0,2.0,870,148,-40,50,"Elite Defender, Dangerous Attacker, Creative Playmaker, Disciplinary Issues",2
3270.0,5550.0,3,10.0,0.0,37.0,0.0,0.0,3.0,3.0,0.0,0.0,3.0,553.0,33.0,21.0,131.0,31.0,0.0,25.0,1.0,134.0,180.0,362.0,1.0,0.0,5.0,3.0,15.0,18.0,3.0,496,107,-42,40,"Elite Defender, Dangerous Attacker, Creative Playmaker, Disciplinary Issues",3
6890.0,11960.0,3,33.0,0.0,154.0,0.0,0.0,12.0,12.0,1.0,4.0,0.0,2522.0,112.0,21.0,355.0,52.0,0.0,90.0,1.0,485.0,599.0,774.0,0.0,1.0,18.0,7.0,29.0,39.0,2.0,1263,457,-61,70,"Elite Defender, Dangerous Attacker, Creative Playmaker, Disciplinary Issues",2
5520.0,12420.0,9,31.0,0.0,168.0,0.0,0.0,697.0,697.0,2.0,0.0,0.0,2682.0,112.0,56.0,3819.0,18.0,0.0,125.0,0.0,225.0,497.0,231.0,1.0,2.0,25.0,35.0,52.0,94.0,3.0,456,492,-24,507,"Elite Defender, Dangerous Attacker, Creative Playmaker, Disciplinary Issues",0
3621.0,8772.0,9,15.0,0.0,59.0,0.0,0.0,422.0,422.0,0.0,0.0,0.0,1471.0,56.0,33.0,2378.0,15.0,0.0,75.0,0.0,100.0,275.0,168.0,1.0,0.0,15.0,21.0,22.0,47.0,0.0,268,236,-15,312,"Elite Defender, Dangerous Attacker, Creative Playmaker, Disciplinary Issues",0
6688.0,10015.0,8,1.0,0.0,20.0,0.0,0.0,2.0,2.0,0.0,0.0,0.0,294.0,17.0,2.0,35.0,42.0,0.0,5.0,0.0,202.0,213.0,235.0,6.0,0.0,1.0,1.0,8.0,11.0,0.0,437,51,-42,7,"Elite Defender, Dangerous Attacker, Disciplinary Issues",3
5980.0,9724.0,8,8.0,0.0,93.0,0.0,0.0,1.0,1.0,0.0,0.0,0.0,916.0,60.0,30.0,194.0,55.0,0.0,55.0,0.0,295.0,375.0,304.0,7.0,0.0,11.0,3.0,17.0,22.0,3.0,599,203,-61,55,"Elite Defender, Dangerous Attacker, Creative Playmaker, Disciplinary Issues",2
6669.0,11115.0,7,12.0,0.0,42.0,0.0,0.0,6.0,6.0,0.0,8.0,167.0,950.0,92.0,12.0,247.0,59.0,0.0,35.0,0.0,341.0,377.0,592.0,2.0,0.0,7.0,4.0,55.0,63.0,7.0,941,156,-73,44,"Elite Defender, Dangerous Attacker, Creative Playmaker, Disciplinary Issues",2
5225.0,10505.0,1,32.0,66.0,53.0,0.0,20.990000000000002,133.0,133.0,0.0,0.0,0.0,1293.0,116.0,17.0,465.0,8.0,23.0,246.0,1.0,162.0,308.0,290.0,0.0,0.0,9.0,13.0,37.0,68.0,1.0,452,223,-15,89,"Elite Defender, Dangerous Attacker, Creative Playmaker, Disciplinary Issues",1
2750.0,4575.0,6,2.0,0.0,23.0,0.0,0.0,1.0,1.0,177.0,1.0,0.0,427.0,16.0,1.0,42.0,19.0,0.0,55.0,0.0,144.0,167.0,172.0,0.0,210.0,11.0,1.0,9.0,12.0,1.0,317,78,-21,7,"Elite Defender, Dangerous Attacker, Disciplinary Issues",3
2262.0,4706.0,5,14.0,0.0,47.0,0.0,2.0,32.0,32.0,2.0,0.0,0.0,625.0,41.0,9.0,83.0,5.0,2.0,36.0,0.0,82.0,119.0,85.0,0.0,2.0,6.0,1.0,10.0,22.0,1.0,167,129,-7,19,"Elite Defender, Dangerous Attacker, Creative Playmaker, Disciplinary Issues",3
1004.0,2197.0,5,8.0,0.0,11.0,0.0,0.0,24.0,24.0,0.0,0.0,0.0,385.0,16.0,3.0,14.0,2.0,0.0,30.0,0.0,25.0,48.0,22.0,0.0,0.0,6.0,1.0,8.0,12.0,0.0,47,63,-2,6,"Elite Defender, Dangerous Attacker",3
1537.0,2895.0,1,2.0,0.0,18.0,0.0,0.0,2.0,2.0,0.0,0.0,0.0,203.0,10.0,4.0,59.0,5.0,0.0,0.0,0.0,72.0,92.0,94.0,0.0,0.0,0.0,2.0,2.0,6.0,1.0,166,40,-7,13,"Elite Defender, Dangerous Attacker, Creative Playmaker, Disciplinary Issues",3
2691.0,4554.0,7,2.0,0.0,7.0,0.0,0.0,0.0,0.0,0.0,3.0,20.0,177.0,20.0,5.0,74.0,11.0,0.0,0.0,0.0,92.0,103.0,196.0,0.0,0.0,0.0,3.0,2.0,3.0,0.0,291,26,-11,18,"Elite Defender, Dangerous Attacker, Creative Playmaker, Disciplinary Issues",3
2352.0,3948.0,0,2.0,0.0,30.0,0.0,0.0,0.0,0.0,0.0,0.0,10.0,611.0,29.0,18.0,135.0,16.0,0.0,20.0,0.0,161.0,200.0,246.0,0.0,0.0,4.0,2.0,13.0,12.0,0.0,407,97,-16,35,"Elite Defender, Dangerous Attacker, Creative Playmaker, Disciplinary Issues",3
3432.0,7059.0,10,41.0,0.0,100.0,0.0,0.0,53.0,53.0,3.0,0.0,1.0,1886.0,47.0,16.0,65.0,16.0,0.0,115.0,0.0,136.0,225.0,149.0,0.0,3.0,23.0,1.0,23.0,37.0,0.0,285,352,-16,24,"Elite Defender, Dangerous Attacker, Creative Playmaker, Disciplinary Issues",1
5626.0,10730.0,5,42.0,6.0,103.0,0.0,8.36,193.0,193.0,3.0,0.0,0.0,2199.0,77.0,48.0,339.0,10.0,13.0,131.0,0.0,183.0,384.0,213.0,0.0,3.0,16.0,21.0,30.0,71.0,3.0,396,380,-16,123,"Elite Defender, Dangerous Attacker, Creative Playmaker, Disciplinary Issues",1
6148.0,10614.0,6,10.0,0.0,14.0,0.0,0.0,15.0,15.0,503.0,1.0,0.0,613.0,72.0,10.0,170.0,17.0,0.0,55.0,0.0,209.0,251.0,519.0,5.0,561.0,11.0,2.0,6.0,14.0,0.0,729,96,-17,31,"Elite Defender, Dangerous Attacker, Creative Playmaker, Disciplinary Issues",2
4399.0,9752.0,4,28.0,43.0,132.0,1.0,21.04,427.0,427.0,2.0,0.0,1.0,2263.0,92.0,53.0,926.0,19.0,47.0,280.0,0.0,109.0,479.0,198.0,0.0,2.0,10.0,28.0,38.0,71.0,2.0,307,396,-23,201,"Elite Defender, Dangerous Attacker, Creative Playmaker, Disciplinary Issues",0
5640.0,11520.0,10,81.0,0.0,204.0,0.0,0.0,133.0,133.0,6.0,0.0,0.0,3362.0,87.0,61.0,348.0,18.0,0.0,230.0,0.0,107.0,413.0,233.0,0.0,6.0,46.0,24.0,49.0,71.0,0.0,340,667,-18,143,"Elite Defender, Dangerous Attacker, Creative Playmaker, Disciplinary Issues",0
2640.0,5874.0,9,12.0,0.0,36.0,0.0,0.0,102.0,102.0,1.0,0.0,0.0,604.0,8.0,10.0,927.0,4.0,0.0,20.0,0.0,61.0,103.0,117.0,0.0,1.0,4.0,5.0,12.0,20.0,0.0,178,112,-4,112,"Elite Defender, Dangerous Attacker, Creative Playmaker",3
3850.0,6860.0,7,3.0,0.0,8.0,0.0,0.0,3.0,3.0,0.0,10.0,48.0,219.0,22.0,8.0,142.0,17.0,0.0,10.0,0.0,159.0,173.0,273.0,0.0,0.0,2.0,1.0,14.0,16.0,0.0,442,34,-17,24,"Elite Defender, Dangerous Attacker, Creative Playmaker, Disciplinary Issues",3
2937.0,5874.0,10,19.0,0.0,78.0,0.0,0.0,22.0,22.0,0.0,0.0,0.0,1381.0,37.0,16.0,89.0,13.0,0.0,45.0,0.0,167.0,233.0,143.0,0.0,0.0,9.0,5.0,19.0,30.0,0.0,310,244,-13,34,"Elite Defender, Dangerous Attacker, Creative Playmaker, Disciplinary Issues",1
3990.0,7258.0,3,4.0,0.0,16.0,0.0,0.0,6.0,6.0,0.0,5.0,43.0,345.0,30.0,14.0,191.0,18.0,0.0,20.0,0.0,162.0,193.0,269.0,0.0,0.0,4.0,1.0,20.0,20.0,3.0,436,58,-24,35,"Elite Defender, Dangerous Attacker, Creative Playmaker, Disciplinary Issues",3
